iter	Logloss
0	0.5097550064
1	0.4421407365
2	0.4091017071
3	0.3956969351
4	0.3839940458
5	0.3757813032
6	0.3726630704
7	0.3684354535
8	0.3666170076
9	0.364969395
